symbol,name,category
PAYTM,One 97 Communications Ltd,midcap
SCHNEIDER,Schneider Electric Infrastructure Limited,midcap
NAUKRI,Info Edge (india) Limited,midcap
MCX,Multi Commodity Exchange Of India Limited,midcap
LENSKART,Lenskart Solutions Ltd,midcap
HSCL,Himadri Speciality Chemical Limited,midcap
GLAND,Gland Pharma Ltd,midcap
APLAPOLLO,Apl Apollo Tubes Limited,midcap
JSWENERGY,Jsw Energy Limited,midcap
MAZDOCK,Mazagon Dock Shipbuilders Ltd,midcap
BALKRISIND,Balkrishna Industries Limited,midcap
OIL,Oil India Limited,midcap
ENDURANCE,Endurance Technologies Limited,midcap
BERGEPAINT,Berger Paints (i) Limited,midcap
PHOENIXLTD,The Phoenix Mills Limited,midcap
COFORGE,Coforge (Niit Tech) Ltd,midcap
GODREJPROP,Godrej Properties Limited,midcap
JSWINFRA,JSW Infrastructure Ltd,midcap
HDBFS,HDB Financial Services Ltd,midcap
POLICYBZR,PB Fintech Ltd,midcap
LTF,L&T Finance Ltd,midcap
TIINDIA,Tube Investments of India Ltd,midcap
CPPLUS,Aditya Infotech Ltd,midcap
ANANDRATHI,Anand Rathi Wealth Ltd,midcap
ANTHEM,Anthem Biosciences Ltd,midcap
MEDANTA,Global Health Ltd,midcap
COROMANDEL,Coromandel International Limited,midcap
MOTILALOFS,Motilal Oswal Financial Services Limited,midcap
MPHASIS,Mphasis Limited,midcap
BDL,Bharat Dynamics Ltd,midcap
MANIPALHOS,Manipal Health Enterprises Ltd,midcap
MFSL,Max Financial Services Limited,midcap
RADICO,Radico Khaitan Limited,midcap
KEI,Kei Industries Limited,midcap
DELHIVERY,Delhivery Ltd,midcap
KIMS,Krishna Institute of Medical Sciences Ltd,midcap
DABUR,Dabur India Limited,midcap
OBEROIRLTY,Oberoi Realty Limited,midcap
DALBHARAT,Dalmia Bharat Limited,midcap
M&MFIN,Mahindra & Mahindra Financial Services Limited,midcap
STARHEALTH,Star Health & Allied Insurance Company Ltd,midcap
KPRMILL,K.p.r. Mill Limited,midcap
EMCURE,Emcure Pharmaceuticals Ltd,midcap
MAHABANK,Bank Of Maharashtra Ltd,midcap
TATATECH,Tata Technologies Ltd,midcap
OFSS,Oracle Financial Services Software Limited,midcap
MANAPPURAM,Manappuram Finance Limited,midcap
NMDC,Nmdc Limited,midcap
360ONE,360 ONE WAM Ltd,midcap
ICICIGI,ICICI Lombard General Insurance Company Ltd,midcap
FEDERALBNK,The Federal Bank  Limited,midcap
IDFCFIRSTB,IDFC First Bank Ltd,midcap
LAURUSLABS,Laurus Labs Limited,midcap
INDUSINDBK,Indusind Bank Limited,midcap
WELCORP,Welspun Corp Limited,midcap
NATIONALUM,National Aluminium Company Limited,midcap
IRCTC,Indian Railway Catering & Tourism Corporation Ltd,midcap
NTPCGREEN,NTPC Green Energy Ltd,midcap
ATGL,Adani Total Gas Ltd,midcap
NHPC,Nhpc Limited,midcap
MEESHO,Meesho Ltd,midcap
RBLBANK,Rbl Bank Limited,midcap
PRESTIGE,Prestige Estates Projects Limited,midcap
YESBANK,Yes Bank Limited,midcap
UNOMINDA,Uno Minda Ltd,midcap
CUPID,Cupid Limited,midcap
IREDA,Indian Renewable Energy Development Agency Ltd,midcap
GODFRYPHLP,Godfrey Phillips India Limited,midcap
AUBANK,AU Small Finance Bank Ltd,midcap
HINDPETRO,Hindustan Petroleum Corporation Limited,midcap
PERSISTENT,Persistent Systems Limited,midcap
BIOCON,Biocon Limited,midcap
MAXHEALTH,Max Healthcare Institute Ltd,midcap
VMM,Vishal Mega Mart Ltd,midcap
NAM-INDIA,Nippon Life India Asset Management Ltd,midcap
SRF,Srf Limited,midcap
PETRONET,Petronet Lng Limited,midcap
HAVELLS,Havells India Limited,midcap
JSL,Jindal Stainless Limited,midcap
ICICIPRULI,Icici Prudential Life Insurance Company Limited,midcap
ASTERDM,Aster DM Healthcare Ltd,midcap
PREMIERENE,Premier Energies Ltd,midcap
INDHOTEL,The Indian Hotels Company Limited,midcap
ASTRAL,Astral Ltd,midcap
COLPAL,Colgate Palmolive (india) Limited,midcap
TORNTPOWER,Torrent Power Limited,midcap
WAAREEENER,Waaree Energies Ltd,midcap
DIXON,Dixon Technologies Ltd,midcap
AUROPHARMA,Aurobindo Pharma Limited,midcap
SBICARD,SBI Cards & Payment Services Ltd,midcap
SWIGGY,Swiggy Ltd,midcap
CONCOR,Container Corporation Of India Limited,midcap
SONACOMS,Sona BLW Precision Forgings Ltd,midcap
POONAWALLA,Poonawalla Fincorp Ltd,midcap
PATANJALI,Patanjali Foods Ltd,midcap
HUDCO,Housing and Urban Development Corporation Ltd,midcap
MANKIND,Mankind Pharma Ltd,midcap
PIIND,Pi Industries Limited,midcap
TATAINVEST,Tata Investment Corporation Limited,midcap
BAJAJHFL,Bajaj Housing Finance Ltd,midcap
NAVINFLUOR,Navin Fluorine International Limited,midcap
TATACOMM,Tata Communications Limited,midcap
EXIDEIND,Exide Industries Limited,midcap
KALYANKJIL,Kalyan Jewellers India Ltd,midcap
ATHERENERG,Ather Energy Ltd,midcap
ITCHOTELS,ITC Hotels Ltd,midcap
FORTIS,Fortis Healthcare Limited,midcap
UPL,Upl Limited,midcap
APARINDS,Apar Industries Limited,midcap
IOB,Indian Overseas Bank Ltd,midcap
DRREDDY,Dr. Reddy's Laboratories Limited,midcap
COCHINSHIP,Cochin Shipyard Ltd,midcap
RVNL,Rail Vikas Nigam Ltd,midcap
GLENMARK,Glenmark Pharmaceuticals Limited,midcap
GICRE,General Insurance Corporation of India Ltd,midcap
VOLTAS,Voltas Limited,midcap
SUZLON,Suzlon Energy Limited,midcap
IDBI,Idbi Bank Limited,midcap
GODREJCP,Godrej Consumer Products Limited,midcap
AIIL,Authum Investment & Infrastructure Ltd,midcap
LGEINDIA,LG Electronics India Ltd,midcap
HINDCOPPER,Hindustan Copper Limited,midcap
ASHOKLEY,Ashok Leyland Limited,midcap
BHARTIHEXA,Bharti Hexacom Ltd,midcap
SAIL,Steel Authority Of India Limited,midcap
NYKAA,FSN E-Commerce Ventures Ltd,midcap
NH,Narayana Hrudayalaya Ltd.,midcap
LUPIN,Lupin Limited,midcap
AEGISLOG,Aegis Logistics Ltd,midcap
BANKINDIA,Bank Of India Ltd,midcap
IPCALAB,Ipca Laboratories Limited,midcap
PWL,Physicswallah Ltd,midcap
JBCHEPHARM,Jb Chemicals & Pharmaceuticals Limited,midcap
INDOMIM,Indo-MIM Ltd,midcap
INDUSTOWER,Indus Towers Ltd (Bharti Infratel),midcap
NLCINDIA,Nlc India Limited,midcap
RECLTD,REC Ltd,midcap
BHARATFORG,Bharat Forge Limited,midcap
KPL,Kwality Pharmaceuticals Ltd,smallcap
UNIVCABLES,Universal Cables Limited,smallcap
SBCL,Shivalik Bimetal Controls Ltd,smallcap
AARTIPHARM,Aarti Pharmalabs Ltd,smallcap
COMSYN,Commercial Syn Bags Ltd,smallcap
PIXTRANS,Pix Transmission Ltd,smallcap
KABRAEXTRU,Kabra Extrusion Technik Limited,smallcap
VOGL,Vedanta Oil and Gas Ltd,smallcap
ANDHRSUGAR,The Andhra Sugars Limited,smallcap
ESTER,Ester Industries Limited,smallcap
DMCC,DMCC Speciality Chemicals Ltd,smallcap
JGCHEM,J.G.Chemicals Ltd,smallcap
RAMCOIND,Ramco Industries Limited,smallcap
MOL,Meghmani Organics Ltd,smallcap
THOMASCOTT,Thomas Scott (india) Limited,smallcap
SUDEEPPHRM,Sudeep Pharma Ltd,smallcap
TREL,TransIndia Real Estate Ltd,smallcap
SIMPLEXINF,Simplex Infrastructures Limited,smallcap
EMIL,Electronics Mart India Ltd,smallcap
GNRL,Gujarat Natural Resources Ltd,smallcap
VINDHYATEL,Vindhya Telelinks Limited,smallcap
MACPOWER,Macpower CNC Machines Ltd,smallcap
SKYGOLD,Sky Gold Ltd,smallcap
GARUDA,Garuda Construction and Engineering Ltd,smallcap
ORCHPHARMA,Orchid Pharma Ltd,smallcap
KAPSTON,Kapston Services Ltd,smallcap
NEOGEN,Neogen Chemicals Ltd,smallcap
INDOBORAX,Indo Borax & Chemicals Ltd,smallcap
SHAILY,Shaily Engineering Plastics Ltd,smallcap
SYRMA,Syrma SGS Technology Ltd,smallcap
SURAKSHA,Suraksha Diagnostic Ltd,smallcap
SHILPAMED,Shilpa Medicare Limited,smallcap
SKMEGGPROD,Skm Egg Products Export (india) Limited,smallcap
MAXESTATES,Max Estates Ltd,smallcap
SENORES,Senores Pharmaceuticals Ltd,smallcap
HCG,Healthcare Global Enterprises Limited,smallcap
DHARMAJ,Dharmaj Crop Guard Ltd,smallcap
ENTERO,Entero Healthcare Solutions Ltd,smallcap
CARYSIL,Carysil Ltd,smallcap
POLYPLEX,Polyplex Corporation Limited,smallcap
EBGNG,GNG Electronics Ltd,smallcap
AVADHSUGAR,Avadh Sugar & Energy,smallcap
DHAMPURSUG,Dhampur Sugar Mills Limited,smallcap
PDSL,PDS Ltd,smallcap
DVL,Dhunseri Ventures Ltd,smallcap
INDOSTAR,Indostar Capital Finance Ltd,smallcap
BALAJITELE,Balaji Telefilms Limited,smallcap
MARINE,Marine Electricals (India) Ltd,smallcap
BEML,Beml Limited,smallcap
MMP,MMP Industries Ltd,smallcap
SUMICHEM,Sumitomo Chemical India Ltd,smallcap
DYCL,Dynamic Cables Ltd,smallcap
HINDOILEXP,Hindustan Oil Exploration Company Limited,smallcap
3IINFOLTD,3i Infotech Ltd,smallcap
RISHABH,Rishabh Instruments Ltd,smallcap
NELCO,Nelco Limited,smallcap
QPOWER,Quality Power Electrical Equipments Ltd,smallcap
BIRLACABLE,Birla Cable Limited,smallcap
XTRANET,Xtranet Technologies Ltd,smallcap
VISL,Vedanta Iron & Steel Ltd,smallcap
RAMCOSYS,Ramco Systems Limited,smallcap
STYLEBAAZA,Baazar Style Retail Ltd,smallcap
LANDMARK,Landmark Cars Ltd,smallcap
MCLEODRUSS,Mcleod Russel India Limited,smallcap
PINELABS,Pine Labs Ltd,smallcap
VISAKAIND,Visaka Industries Limited,smallcap
CEMPRO,Cemindia Projects Ltd,smallcap
PANAMAPET,Panama Petrochem Limited,smallcap
E2E,E2E Networks Ltd,smallcap
SANGHVIMOV,Sanghvi Movers Limited,smallcap
PRECWIRE,Precision Wires India Limited,smallcap
RAMBHAJO,Advit Jewels Ltd,smallcap
AKUMS,Akums Drugs & Pharmaceuticals Ltd,smallcap
POLYMED,Poly Medicure Limited,smallcap
KECL,Kirloskar Electric Company Limited,smallcap
MMFL,Mm Forgings Limited,smallcap
PASUPTAC,Pasupati Acrylon Ltd,smallcap
5PAISA,5Paisa Capital Ltd,smallcap
RPEL,Raghav Productivity Enhancers Ltd,smallcap
SAILIFE,Sai Life Sciences Ltd,smallcap
JAIBALAJI,Jai Balaji Industries Limited,smallcap
SUVEN,Suven Life Sciences Limited,smallcap
CENTRUM,Centrum Capital Ltd,smallcap
BRIGADE,Brigade Enterprises Limited,smallcap
AYE,Aye Finance Ltd,smallcap
SAMBHV,Sambhv Steel Tubes Ltd,smallcap
GIPCL,Gujarat Industries Power Company Limited,smallcap
ABDL,Allied Blenders & Distillers Ltd,smallcap
SSWL,Steel Strips Wheels Limited,smallcap
TRIVENI,Triveni Engineering & Industries Limited,smallcap
QUESS,Quess Corp Limited,smallcap
MBAPL,Madhya Bharat Agro Products Ltd,smallcap
CONCORDBIO,Concord Biotech Ltd,smallcap
BECTORFOOD,Mrs Bectors Food Specialities Ltd,smallcap
NPST,Network People Services Technologies Ltd,smallcap
WEL,Wonder Electricals Ltd,smallcap
COSMOFIRST,Cosmo First Ltd,smallcap
INDSWFTLAB,Ind-swift Laboratories Limited,smallcap
KOLTEPATIL,Kolte - Patil Developers Limited,smallcap
IONEXCHANG,Ion Exchange (India) Ltd,smallcap
SILVERTUC,Silver Touch Technologies Ltd,smallcap
NRBBEARING,Nrb Bearing Limited,smallcap
DALMIASUG,Dalmia Bharat Sugar And Industries Limited,smallcap
HUHTAMAKI,Huhtamaki India Ltd,smallcap
EMBDL,Embassy Development Limited,smallcap
GMDCLTD,Gujarat Mineral Development Corporation Limited,smallcap
SEDEMAC,Sedemac Mechatronics Ltd,smallcap
PICCADIL,Piccadily Agro Industries Ltd,smallcap
DWARKESH,Dwarikesh Sugar Industries Limited,smallcap
BALRAMCHIN,Balrampur Chini Mills Limited,smallcap
SPECIALITY,Speciality Restaurants Limited,smallcap
SURAJEST,Suraj Estate Developers Ltd,smallcap
IXIGO,Le Travenues Technology Ltd,smallcap
ALIVUS,Alivus Life Sciences Ltd,smallcap
KNACK,Knack Packaging Ltd,smallcap
AMIRCHAND,Amir Chand Jagdish Kumar (Exports) Ltd,smallcap
PATELENG,Patel Engineering Limited,smallcap
CSM,CSM Technologies Ltd,smallcap
UGARSUGAR,The Ugar Sugar Works Limited,smallcap
JUBLPHARMA,Jubilant Pharmova Ltd,smallcap
NORTHARC,Northern ARC Capital Ltd,smallcap
FINCABLES,Finolex Cables Limited,smallcap
RATNAMANI,Ratnamani Metals & Tubes Limited,smallcap
YATHARTH,Yatharth Hospital & Trauma Care Services Ltd,smallcap
ASKAUTOLTD,ASK Automotive Ltd,smallcap
KIRLPNU,Kirloskar Pneumatic Company Ltd,smallcap
TURTLEMINT,Turtlemint Fintech Solutions Ltd,smallcap
MOBIKWIK,One Mobikwik Systems Ltd,smallcap
ELECTCAST,Electrosteel Castings Limited,smallcap
TIPSMUSIC,Tips Music Ltd,smallcap
THYROCARE,Thyrocare Technologies Limited,smallcap
SAIPARENT,Sai Parenterals Ltd,smallcap
VESUVIUS,Vesuvius India Limited,smallcap
MAHSEAMLES,Maharashtra Seamless Limited,smallcap
ARIS,Arisinfra Solutions Ltd,smallcap
VIJAYA,Vijaya Diagnostic Centre Ltd,smallcap
ENGINERSIN,Engineers India Limited,smallcap
SPAL,S. P. Apparels Limited,smallcap
TANLA,Tanla Solutions Limited,smallcap
RITCO,Ritco Logistics Ltd,smallcap
GRAVITA,Gravita India Limited,smallcap
SHRIRAMPPS,Shriram Properties Ltd,smallcap
VEDPOWER,Vedanta Power Ltd,smallcap
NIITMTS,NIIT Learning Systems Ltd,smallcap
EUROPRATIK,Euro Pratik Sales Ltd,smallcap
SUNDRMFAST,Sundram Fasteners Limited,smallcap
JINDALSAW,Jindal Saw Limited,smallcap
SIGNATURE,SignatureGlobal India Ltd,smallcap
RUBICON,Rubicon Research Ltd,smallcap
IFCI,Ifci Limited,smallcap
GUFICBIO,Gufic Biosciences Limited,smallcap
KRISHANA,Krishana Phoschem Ltd,smallcap
GATEWAY,Gateway Distriparks Ltd,smallcap
WALCHANNAG,Walchandnagar Industries Limited,smallcap
AGARWALEYE,Dr Agarwals Health Care Ltd,smallcap
INDRAMEDCO,Indraprastha Medical Corporation Limited,smallcap
DBOL,Dhampur Bio Organics Ltd,smallcap
SHADOWFAX,Shadowfax Technologies Ltd,smallcap
INDGN,Indegene Ltd,smallcap
SENCO,Senco Gold Ltd,smallcap
JNKINDIA,JNK India Ltd,smallcap
CSBBANK,CSB Bank Ltd,smallcap
VIDYAWIRES,Vidya Wires Ltd,smallcap
RHIM,RHI Magnesita India Ltd,smallcap
MUKKA,Mukka Proteins Ltd,smallcap
FISCHER,Fischer Medical Ventures Ltd,smallcap
TI,Tilaknagar Industries Limited,smallcap
KRONOX,Kronox Lab Sciences Ltd,smallcap
LASERPOWER,Laser Power & Infra Ltd,smallcap
KSB,KSB Ltd,smallcap
BLS,Bls International Services Limited,smallcap
VASCONEQ,Vascon Engineers Limited,smallcap
JAYKAY,Jaykay Enterprises Ltd,smallcap
AZAD,Azad Engineering Ltd,smallcap
GODREJAGRO,Godrej Agrovet Ltd,smallcap
APEX,Apex Frozen Foods Ltd,smallcap
HFCL,HFCL Ltd,smallcap
ACI,Archean Chemical Industries Ltd,smallcap
AAVAS,AAVAS Financiers Ltd,smallcap
UTTAMSUGAR,Uttam Sugar Mills Limited,smallcap
TCI,Transport Corporation Of India Limited,smallcap
NDRAUTO,NDR Auto Components Ltd,smallcap
AURUM,Aurum Proptech Ltd,smallcap
IIFL,IIFL Finance Ltd,smallcap
SOLARA,Solara Active Pharma Sciences Ltd,smallcap
QUADFUTURE,Quadrant Future Tek Ltd,smallcap
IRISDOREME,Iris Clothings Ltd,smallcap
CMSINFO,CMS Info Systems Ltd,smallcap
UTLSOLAR,Fujiyama Power Systems Ltd,smallcap
GOCOLORS,Go Fashion (India) Ltd,smallcap
NEWGEN,Newgen Software Technologies Ltd,smallcap
SDBL,Som Distilleries & Breweries Limited,smallcap
CARBORUNIV,Carborundum Universal Limited,smallcap
GNA,Gna Axles Limited,smallcap
JYOTICNC,Jyoti CNC Automation Ltd,smallcap
SKIPPER,Skipper Limited,smallcap
MAHLOG,Mahindra Logistics Ltd,smallcap
GAEL,Gujarat Ambuja Exports Limited,smallcap
RAMCOCEM,The Ramco Cements Limited,smallcap
NAHARINDUS,Nahar Industrial Enterprises Limited,smallcap
KIRLOSBROS,Kirloskar Brothers Limited,smallcap
SAREGAMA,Saregama India Limited,smallcap
FCL,Fineotex Chemical Limited,smallcap
CUB,City Union Bank Limited,smallcap
BEPL,Bhansali Engineering Polymers Limited,smallcap
MUTHOOTMF,Muthoot Microfin Ltd,smallcap
HUBTOWN,Hubtown Limited,smallcap
MOIL,Moil Limited,smallcap
JTEKTINDIA,JTEKT India Ltd,smallcap
EPACKPEB,EPack Prefab Technologies Ltd,smallcap
MINDACORP,Minda Corporation Limited,smallcap
LAOPALA,La Opala Rg Limited,smallcap
RAYMOND,Raymond Limited,smallcap
PPLPHARMA,Piramal Pharma Ltd,smallcap
CAPLIPOINT,Caplin Point Laboratories Limited,smallcap
KNRCON,Knr Constructions Limited,smallcap
BLUESTONE,Bluestone Jewellery and Lifestyle Ltd,smallcap
PRABHA,Prabha Energy Ltd,smallcap
EPL,EPL Ltd,smallcap
NSLNISP,NMDC Steel Ltd,smallcap
BELRISE,Belrise Industries Ltd,smallcap
PAISALO,Paisalo Digital Ltd,smallcap
VARROC,Varroc Engineering Ltd,smallcap
GRAPHITE,Graphite India Limited,smallcap
IVALUE,Ivalue Infosolutions Ltd,smallcap
CONFIPET,Confidence Petroleum India Ltd,smallcap
BAJAJCON,Bajaj Consumer Care Ltd,smallcap
ACE,Action Construction Equipment Limited,smallcap
BBOX,Black Box Ltd,smallcap
JUBLFOOD,Jubilant Foodworks Limited,smallcap
SHANTIGOLD,Shanti Gold International Ltd,smallcap
FILATEX,Filatex India Limited,smallcap
METROPOLIS,Metropolis Healthcare Ltd,smallcap
JASH,Jash Engineering Ltd,smallcap
FINOPB,Fino Payments Bank Ltd,smallcap
EKC,Everest Kanto Cylinder Limited,smallcap
TMB,Tamilnad Mercantile Bank Ltd,smallcap
KROSS,Kross Ltd,smallcap
GNFC,Gujarat Narmada Valley Fertilizers And Chemicals Limited,smallcap
HLEGLAS,HLE Glascoat Ltd,smallcap
INDIQUBE,Indiqube Spaces Ltd,smallcap
INDIAMART,Indiamart Intermesh Ltd,smallcap
TEJASNET,Tejas Networks Ltd,smallcap
MANYAVAR,Vedant Fashions Ltd,smallcap
KANSAINER,Kansai Nerolac Paints Limited,smallcap
EMMVEE,Emmvee Photovoltaic Power Ltd,smallcap
ONIDA,Onida Electronics Ltd,smallcap
AARTIDRUGS,Aarti Drugs Limited,smallcap
PLATIND,Platinum Industries Ltd,smallcap
INOXINDIA,Inox India Ltd,smallcap
KAJARIACER,Kajaria Ceramics Limited,smallcap
THOMASCOOK,Thomas Cook  (india)  Limited,smallcap
JKPAPER,Jk Paper Limited,smallcap
HARSHA,Harsha Engineers International Ltd,smallcap
RSL,Rajputana Stainless Ltd,smallcap
UGROCAP,Ugro Capital Ltd,smallcap
SUPRAJIT,Suprajit Engineering Limited,smallcap
VIPIND,Vip Industries Limited,smallcap
STOVEKRAFT,Stove Kraft Ltd,smallcap
HEG,Heg Limited,smallcap
DEEPINDS,Deep Industries Ltd,smallcap
THANGAMAYL,Thangamayil Jewellery Limited,smallcap
SHK,S H Kelkar And Company Limited,smallcap
NIACL,New India Assurance Company Ltd,smallcap
ROUTE,Route Mobile Ltd,smallcap
STYL,Seshaasai Technologies Ltd,smallcap
NIITLTD,Niit Limited,smallcap
RKFORGE,Ramkrishna Forgings Limited,smallcap
LXCHEM,Laxmi Organic Industries Ltd,smallcap
REFEX,Refex Industries Limited,smallcap
DHANBANK,Dhanlaxmi Bank Limited,smallcap
APCOTEXIND,Apcotex Industries Limited,smallcap
BLSE,BLS E-Services Ltd,smallcap
ITI,Iti Limited,smallcap
VIKRAN,Vikran Engineering Ltd,smallcap
ARVSMART,Arvind Smartspaces Limited,smallcap
VRLLOG,Vrl Logistics Limited,smallcap
UTIAMC,UTI Asset Management Company Ltd,smallcap
UNIPARTS,Uniparts India Ltd,smallcap
TIMEX,Timex Group India Ltd,smallcap
ADFFOODS,Adf Foods Limited,smallcap
PREMEXPLN,Premier Explosives Limited,smallcap
DCW,Dcw Limited,smallcap
RENUKA,Shree Renuka Sugars Limited,smallcap
MASTERTR,Master Trust Ltd,smallcap
DOLATALGO,Dolat Algotech Ltd,smallcap
RHETAN,Rhetan TMT Ltd,smallcap
TRANSRAILL,Transrail Lighting Ltd,smallcap
PRAKASH,Prakash Industries Limited,smallcap
LALPATHLAB,Dr. Lal Path Labs Ltd.,smallcap
EIEL,Enviro Infra Engineers Ltd,smallcap
XCHANGING,Xchanging Solutions Limited,smallcap
DATAPATTNS,Data Patterns (India) Ltd,smallcap
TBZ,Tribhovandas Bhimji Zaveri Limited,smallcap
CANFINHOME,Can Fin Homes Limited,smallcap
MUFTI,Credo Brands Marketing Ltd,smallcap
CLEAN,Clean Science & Technology Ltd,smallcap
HAPPYFORGE,Happy Forgings Ltd,smallcap
NAVKARCORP,Navkar Corporation Limited,smallcap
BCLIND,BCL Industries Ltd,smallcap
PENIND,Pennar Industries Limited,smallcap
SETL,Standard Enginnering Technology Ltd,smallcap
TIMETECHNO,Time Technoplast Limited,smallcap
VENUSPIPES,Venus Pipes & Tubes Ltd,smallcap
ANGELONE,Angel One Ltd,smallcap
AVL,Aditya Vision Ltd,smallcap
SIGACHI,Sigachi Industries Ltd,smallcap
CGCL,Capri Global Capital Limited,smallcap
LUMAXTECH,Lumax Auto Technologies Limited,smallcap
INTELLECT,Intellect Design Arena Limited,smallcap
PNGSREVA,PNGS Reva Diamond Jewellery Limited,smallcap
CYIENTDLM,Cyient DLM Ltd,smallcap
RATNAVEER,Ratnaveer Precision Engineering Ltd,smallcap
DIVGIITTS,Divgi Torqtransfer Systems Ltd,smallcap
ADSL,Allied Digital Services Limited,smallcap
GEOJITFSL,Geojit Financial Services Ltd,smallcap
WABAG,Va Tech Wabag Limited,smallcap
BALAMINES,Balaji Amines Limited,smallcap
PRAJIND,Praj Industries Limited,smallcap
RAILTEL,Railtel Corporation of India Ltd,smallcap
DENTA,Denta Water & Infra Solutions Ltd,smallcap
EPACK,Epack Durable Ltd,smallcap
NFL,National Fertilizers Limited,smallcap
DELTACORP,Delta Corp Limited,smallcap
STLNETWORK,STL Networks Ltd,smallcap
SIRCA,Sirca Paints India Ltd,smallcap
TATAELXSI,Tata Elxsi Limited,smallcap
CASTROLIND,Castrol India Limited,smallcap
POWERICA,Powerica Ltd,smallcap
JUNIPER,Juniper Hotels Ltd,smallcap
GMMPFAUDLR,GMM Pfaudler Ltd,smallcap
MONARCH,Monarch Networth Capital Ltd,smallcap
SONATSOFTW,Sonata Software Limited,smallcap
JUSTDIAL,Just Dial Limited,smallcap
FIVESTAR,Five-Star Business Finance Ltd,smallcap
NAZARA,Nazara Technologies Ltd,smallcap
NCC,Ncc Limited,smallcap
SERVOTECH,Servotech Power Systems Ltd,smallcap
SARDAEN,Sarda Energy & Minerals Limited,smallcap
FUSION,Fusion Micro Finance Ltd,smallcap
AEROENTER,Aeroflex Enterprises Ltd,smallcap
PNBHOUSING,Pnb Housing Finance Limited,smallcap
MVELECTRO,MV Electrosystems Ltd,smallcap
BLISSGVS,Bliss Gvs Pharma Limited,smallcap
PCBL,PCBL Ltd,smallcap
PROZONER,Prozone Realty Ltd,smallcap
TARC,Tarc Ltd,smallcap
CREDITACC,CreditAccess Grameen Ltd,smallcap
TARIL,Transformers & Rectifiers India Ltd,smallcap
MUFIN,Mufin Green Finance Ltd,smallcap
DIGITIDE,Digitide Solutions Ltd,smallcap
CHOICEIN,Choice International Ltd,smallcap
SIGMAADV,Sigma Advanced System Ltd,smallcap
RAJRATAN,Rajratan Global Wire Ltd,smallcap
KIRIINDUS,Kiri Industries Limited,smallcap
SHINDL,Sharat Industries Ltd,smallcap
ARIHANTCAP,Arihant Capital Markets Ltd,smallcap
GRWRHITECH,Garware Hi Tech Films Ltd,smallcap
UNIMECH,Unimech Aerospace and Manufacturing Ltd,smallcap
63MOONS,63 Moons Technologies Ltd,smallcap
CESC,Cesc Limited,smallcap
ORIENTCEM,Orient Cement Limited,smallcap
AURIONPRO,Aurionpro Solutions Limited,smallcap
AWHCL,Antony Waste Handling Cell Ltd,smallcap
VGUARD,V-guard Industries Limited,smallcap
TARSONS,Tarsons Products Ltd,smallcap
AETHER,Aether Industries Ltd,smallcap
MOLDTECH,Mold-tek Technologies Limited,smallcap
EQUITASBNK,Equitas Small Finance Bank Ltd,smallcap
HARIOMPIPE,Hariom Pipe Industries Ltd,smallcap
PRINCEPIPE,Prince Pipes & Fittings Ltd,smallcap
DCXINDIA,DCX Systems Ltd,smallcap
NACLIND,NACL Industries Ltd,smallcap
CDSL,Central Depository Services Ltd,smallcap
USHAMART,Usha Martin Limited,smallcap
KIOCL,Kiocl Limited,smallcap
MAYURUNIQ,Mayur Uniquoters Ltd,smallcap
POCL,Pondy Oxides & Chemicals Ltd,smallcap
ARVINDFASN,Arvind Fashions Ltd,smallcap
INOXGREEN,Inox Green Energy Services Ltd,smallcap
GICHSGFIN,Gic Housing Finance Limited,smallcap
JTLIND,JTL Industries Ltd,smallcap
TRUALT,TruAlt Bioenergy Ltd,smallcap
ORIENTELEC,Orient Electric Ltd,smallcap
SAKSOFT,Saksoft Limited,smallcap
WAAREERTL,Waaree Renewables Technologies Ltd,smallcap
KUANTUM,Kuantum Papers Ltd,smallcap
COHANCE,Cohance Lifesciences Ltd,smallcap
MHRIL,Mahindra Holidays & Resorts India Limited,smallcap
PARADEEP,Paradeep Phosphates Ltd,smallcap
GSFC,Gujarat State Fertilizers & Chemicals Limited,smallcap
PROSTARM,Prostarm Info Systems Ltd,smallcap
VTL,Vardhman Textiles Limited,smallcap
CAMS,Computer Age Management Services Ltd,smallcap
SUNTV,Sun Tv Network Limited,smallcap
RELAXO,Relaxo Footwears Limited,smallcap
UDS,Updater Services Ltd,smallcap
ZEEL,Zee Entertainment Enterprises Limited,smallcap
GRMOVER,GRM Overseas Ltd,smallcap
RPTECH,Rashi Peripherals Ltd,smallcap
NIVABUPA,Niva Bupa Health Insurance Company Ltd,smallcap
JUBLINGREA,Jubilant Ingrevia Ltd,smallcap
RCF,Rashtriya Chemicals And Fertilizers Limited,smallcap
APOLLOTYRE,Apollo Tyres Limited,smallcap
FEDFINA,Fedbank Financial Services Ltd,smallcap
PNBGILTS,Pnb Gilts Limited,smallcap
LATENTVIEW,Latent View Analytics Ltd,smallcap
CHAMBLFERT,Chambal Fertilizers & Chemicals Limited,smallcap
SHRINGARMS,Shringar House of Mangalsutra Ltd,smallcap
ROSSTECH,Rossell Techsys Ltd,smallcap
ORKLAINDIA,Orkla India Ltd,smallcap
PROTEAN,Protean eGov Technologies Ltd,smallcap
TIL,Til Limited,smallcap
UNIECOM,Unicommerce eSolutions Ltd,smallcap
BIGBLOC,Bigbloc Construction Limited,smallcap
IGL,Indraprastha Gas Limited,smallcap
SNOWMAN,Snowman Logistics Limited,smallcap
AMAGI,Amagi Media Labs Ltd,smallcap
ORIENTTECH,Orient Technologies Ltd,smallcap
WELSPUNLIV,Welspun Living Ltd,smallcap
BLUSPRING,Bluspring Enterprises Ltd,smallcap
ALEMBICLTD,Alembic Limited,smallcap
KSHINTL,KSH International Ltd,smallcap
MAHLIFE,Mahindra Lifespace Developers Limited,smallcap
BAJEL,Bajel Projects Ltd,smallcap
HERITGFOOD,Heritage Foods Limited,smallcap
IRMENERGY,IRM Energy Ltd,smallcap
SIGNPOST,Signpost India Ltd,smallcap
GUJENERGY,Gujarat Energy Ltd,smallcap
TRITURBINE,Triveni Turbine Limited,smallcap
RALLIS,Rallis India Limited,smallcap
WINDMACHIN,Windsor Machines Limited,smallcap
KAMDHENU,Kamdhenu Limited,smallcap
HITECH,Hi-Tech Pipes Ltd,smallcap
CORDELIA,Waterways Leisure Tourism Limited,smallcap
PRIMO,Primo Chemicals Ltd,smallcap
ELECON,Elecon Engineering Company Limited,smallcap
BORORENEW,Borosil Renewables Ltd,smallcap
ZENSARTECH,Zensar Technologies Limited,smallcap
SPIC,Southern Petrochemicals Industries Corporation  Limited,smallcap
ONESOURCE,OneSource Specialty Pharma Ltd,smallcap
RESPONIND,Responsive Industries Limited,smallcap
JKIL,J.kumar Infraprojects Limited,smallcap
FSL,Firstsource Solutions Limited,smallcap
MMTC,Mmtc Limited,smallcap
ZENTEC,Zen Technologies Limited,smallcap
SEIL,Shanti Educational Initiatives Ltd,smallcap
SUPRIYA,Supriya Lifescience Ltd,smallcap
IIFLCAPS,IIFL Capital Services Ltd,smallcap
SAGILITY,Sagility India Ltd,smallcap
VSTIND,Vst Industries Limited,smallcap
RRKABEL,R R Kabel Ltd,smallcap
MATRIMONY,Matrimony.com Ltd,smallcap
BHAGCHEM,Bhagiradha Chemicals & Industries Ltd,smallcap
SJVN,Sjvn Limited,smallcap
HONASA,Honasa Consumer Ltd,smallcap
ARTEMISMED,Artemis Medicare Services Ltd,smallcap
SHALPAINTS,Shalimar Paints Limited,smallcap
HEXAGON,Hexagon Nutrition Ltd,smallcap
MANAKCOAT,Manaksia Coated Metals & Industries Limited,smallcap
MICEL,MIC Electronics Ltd,smallcap
GANESHCP,Ganesh Consumer Products Ltd,smallcap
EDELWEISS,Edelweiss Financial Services Limited,smallcap
KSCL,Kaveri Seed Company Limited,smallcap
SBC,SBC Exports Ltd,smallcap
BODALCHEM,Bodal Chemicals Limited,smallcap
SHARDACROP,Sharda Cropchem Limited,smallcap
STLTECH,Sterlite Technologies Limited,smallcap
SWANCORP,Swan Corp Ltd,smallcap
MANINFRA,Man Infraconstruction Limited,smallcap
SMCGLOBAL,SMC Global Securities Ltd,smallcap
SGMART,SG Mart Ltd,smallcap
JMFINANCIL,Jm Financial Limited,smallcap
PVP,Pvp Ventures Limited,smallcap
ATL,Allcargo Terminals Ltd,smallcap
BHARATCOAL,Bharat Coking Coal Ltd,smallcap
DEN,Den Networks Limited,smallcap
BLACKBUCK,BlackBuck Ltd,smallcap
MIDHANI,Mishra Dhatu Nigam Ltd,smallcap
SANDUMA,Sandur Manganese & Iron Ores Ltd,smallcap
BOMDYEING,Bombay Dyeing & Mfg Company Limited,smallcap
CIEINDIA,CIE Automotive India Ltd,smallcap
LAXMIDENTL,Laxmi Dental Ltd,smallcap
CRAMC,Canara Robeco Asset Management Company Ltd,smallcap
SYNGENE,Syngene International Limited,smallcap
SBFC,SBFC Finance Ltd,smallcap
CYIENT,Cyient Limited,smallcap
BLUEJET,Blue Jet Healthcare Ltd,smallcap
MSUMI,Motherson Sumi Wiring India Ltd,smallcap
HTMEDIA,Ht Media Limited,smallcap
ASHOKA,Ashoka Buildcon Limited,smallcap
AVANTIFEED,Avanti Feeds Limited,smallcap
DATAMATICS,Datamatics Global Services Limited,smallcap
AARTIIND,Aarti Industries Limited,smallcap
KPITTECH,KPIT Technologies Ltd,smallcap
SCILAL,Shipping Corporation of India Land & Assets Ltd,smallcap
ECLERX,Eclerx Services Limited,smallcap
SHAREINDIA,Share India Securities Ltd,smallcap
MUNJALAU,Munjal Auto Industries Limited,smallcap
TECHNOE,Techno Electric & Engineering Company Ltd,smallcap
DOLLAR,Dollar Industries Ltd,smallcap
GHCL,Ghcl Limited,smallcap
SINDHUTRAD,Sindhu Trade Links Ltd,smallcap
ACC,Acc Limited,smallcap
SHYAMMETL,Shyam Metalics & Energy Ltd,smallcap
ICIL,Indo Count Industries Limited,smallcap
KPIGREEN,KPI Green Energy Ltd,smallcap
BSOFT,Birlasoft Ltd,smallcap
BLUESTARCO,Blue Star Limited,smallcap
IGIL,International Gemmological Institute (India) Ltd,smallcap
GSPCROP,GSP Crop Science Ltd,smallcap
FLAIR,Flair Writing Industries Ltd,smallcap
NUVAMA,Nuvama Wealth Management Ltd,smallcap
RELTD,Ravindra Energy Ltd,smallcap
SURYODAY,Suryoday Small Finance Bank Ltd,smallcap
V2RETAIL,V2 Retail Limited,smallcap
MANALIPETC,Manali Petrochemicals Limited,smallcap
WAKEFIT,Wakefit Innovations Ltd,smallcap
GRSE,Garden Reach Shipbuilders & Engineers Ltd,smallcap
REDINGTON,Redington (india) Limited,smallcap
SWSOLAR,Sterling & Wilson Renewable Energy Ltd,smallcap
ACUTAAS,Acutaas Chemicals Ltd,smallcap
DEEPAKFERT,Deepak Fertilizers And Petrochemicals Corporation Limited,smallcap
STAR,Strides Shasun Limited,smallcap
AJMERA,Ajmera Realty & Infra India Limited,smallcap
MASFIN,MAS Financial Services Ltd,smallcap
JYOTHYLAB,Jyothy Laboratories Limited,smallcap
GKSL,Gujarat Kidney & Super Speciality Ltd,smallcap
MARSONS,Marsons Ltd,smallcap
NBCC,Nbcc (india) Limited,smallcap
UJJIVANSFB,Ujjivan Small Finance Bank Ltd,smallcap
PSB,Punjab & Sind Bank,smallcap
IKS,Inventurus Knowledge Solutions Ltd,smallcap
DBREALTY,Valor Estate Ltd,smallcap
OPTIEMUS,Optiemus Infracom Ltd,smallcap
SAMMAANCAP,Sammaan Capital Ltd,smallcap
GENUSPOWER,Genus Power Infrastructures Limited,smallcap
KUSUMGAR,Kusumgar Ltd,smallcap
JAICORPLTD,Jai Corp Limited,smallcap
DEEDEV,DEE Development Engineers Ltd,smallcap
RITES,Rites Ltd,smallcap
GHCLTEXTIL,GHCL Textiles Ltd,smallcap
JAGRAN,Jagran Prakashan Limited,smallcap
SFL,Sheela Foam Limited,smallcap
EUREKAFORB,Eureka Forbes Ltd,smallcap
BRIGHOTEL,Brigade Hotel Ventures Ltd,smallcap
KEC,Kec International Limited,smallcap
IEX,Indian Energy Exchange Ltd,smallcap
HMAAGRO,HMA Agro Industries Ltd,smallcap
CCL,Ccl Products (india) Limited,smallcap
FIRSTCRY,Brainbees Solutions Ltd,smallcap
NATCOPHARM,Natco Pharma Limited,smallcap
ARSSBL,Anand Rathi Share & Stock Brokers Ltd,smallcap
DAMCAPITAL,Dam Capital Advisors Ltd,smallcap
PRICOLLTD,Pricol Ltd.,smallcap
TATACHEM,Tata Chemicals Limited,smallcap
AWL,AWL Agri Business Ltd,smallcap
AVANTEL,Avantel Ltd,smallcap
ALGOQUANT,Algoquant Fintech Ltd,smallcap
CRIZAC,Crizac Ltd,smallcap
NETWEB,Netweb Technologies India Ltd,smallcap
EMAMILTD,Emami Limited,smallcap
FEDDERSHOL,Fedders Holding Ltd,smallcap
AQYLON,Aqylon Nexus Ltd,smallcap
PARAS,Paras Defence and Space Technologies Ltd,smallcap
AWFIS,AWFIS Space Solutions Ltd,smallcap
ACMESOLAR,ACME Solar Holdings Ltd,smallcap
HPL,Hpl Electric & Power Limited,smallcap
GOKULAGRO,Gokul Agro Resources Limited,smallcap
VINCOFE,Vintage Coffee & Beverages Ltd,smallcap
IFGLEXPOR,IFGL Refractories Ltd,smallcap
KFINTECH,KFin Technologies Ltd,smallcap
PNGJL,P N Gadgil Jewellers Ltd,smallcap
NAVA,Nava Ltd,smallcap
NETWORK18,Network18 Media & Investments Limited,smallcap
RAMRAT,Ram Ratna Wires Ltd,smallcap
GPPL,Gujarat Pipavav Port Limited,smallcap
HEMIPROP,Hemisphere Properties India Ltd,smallcap
DDEVPLSTIK,DDev Plastiks Industries Ltd,smallcap
LICHSGFIN,Lic Housing Finance Limited,smallcap
ITDC,India Tourism Development Corporation Ltd,smallcap
VIMTALABS,Vimta Labs Limited,smallcap
PFS,Ptc India Financial Services Limited,smallcap
DEVYANI,Devyani International Ltd,smallcap
IMFA,Indian Metals & Ferro Alloys Limited,smallcap
MARKSANS,Marksans Pharma Limited,smallcap
TTML,Tata Teleservices (maharashtra) Limited,smallcap
KWIL,Kwality Walls India Ltd,smallcap
GESHIP,The Great Eastern Shipping Company Limited,smallcap
ROLEXRINGS,Rolex Rings Ltd,smallcap
ANTELOPUS,Antelopus Selan Energy Ltd,smallcap
TITAGARH,Titagarh Rail Systems Ltd,smallcap
AADHARHFC,Aadhar Housing Finance Ltd,smallcap
NOCIL,Nocil Limited,smallcap
IRCON,Ircon International Ltd,smallcap
JAYNECOIND,Jayaswal Neco Industries Limited,smallcap
DEEPAKNTR,Deepak Nitrite Limited,smallcap
CROMPTON,Crompton Greaves Consumer Electricals Limited,smallcap
SPMLINFRA,Spml Infra Limited,smallcap
STALLION,Stallion India Fluorochemicals Ltd,smallcap
DIACABS,Diamond Power Infrastructure Ltd,smallcap
CAPACITE,Capacite Infraprojects Ltd,smallcap
ELGIEQUIP,Elgi Equipments Limited,smallcap
MANINDS,Man Industries (india) Limited,smallcap
JWL,Jupiter Wagons Ltd,smallcap
ARFIN,Arfin India Ltd,smallcap
MERCURYEV,Mercury EV-Tech Ltd,smallcap
ZAGGLE,Zaggle Prepaid Ocean Services Ltd,smallcap
GOLDIAM,Goldiam International Limited,smallcap
CAMPUS,Campus Activewear Ltd,smallcap
PVRINOX,PVR Inox Ltd,smallcap
GMRP&UI,GMR Power & Urban Infra Ltd,smallcap
ESAFSFB,ESAF Small Finance Bank Ltd,smallcap
BATAINDIA,Bata India Limited,smallcap
PARKHOSPS,Park Medi World Ltd,smallcap
UCOBANK,Uco Bank Ltd,smallcap
HIKAL,Hikal Limited,smallcap
JSWCEMENT,JSW Cement Ltd,smallcap
CENTRALBK,Central Bank Of India Ltd,smallcap
MTNL,Mahanagar Telephone Nigam Limited,smallcap
IPL,India Pesticides Ltd,smallcap
CARTRADE,Cartrade Tech Ltd,smallcap
EIHOTEL,Eih Limited,smallcap
JKLAKSHMI,Jk Lakshmi Cement Limited,smallcap
LTFOODS,L T Foods Ltd,smallcap
SOLARWORLD,Solarworld Energy Solutions Ltd,smallcap
RSYSTEMS,R Systems International Limited,smallcap
SHAKTIPUMP,Shakti Pumps (india) Limited,smallcap
MOSCHIP,Moschip Technologies Ltd,smallcap
GREENPANEL,Greenpanel Industries Ltd,smallcap
LLOYDSENT,Lloyds Enterprises Ltd,smallcap
MSPL,Msp Steel & Power Limited,smallcap
GOKEX,Gokaldas Exports Limited,smallcap
UFBL,United Foodbrands Ltd,smallcap
RELIGARE,Religare Enterprises Limited,smallcap
RADHIKAJWE,Radhika Jeweltech Ltd,smallcap
OLECTRA,Olectra Greentech Ltd,smallcap
VIYASH,Viyash Scientific Ltd,smallcap
DECNGOLD,Deccan Gold Mines Ltd,smallcap
VSSL,Vardhman Special Steels Limited,smallcap
KRBL,Krbl Limited,smallcap
GCSL,Gretex Corporate Services Ltd,smallcap
AEROFLEX,Aeroflex Industries Ltd,smallcap
WHIRLPOOL,Whirlpool Of India Limited,smallcap
KARURVYSYA,Karur Vysya Bank Limited,smallcap
EFCIL,EFC (I) Ltd,smallcap
TEXRAIL,Texmaco Rail & Engineering Limited,smallcap
ABSLAMC,Aditya Birla Sun Life AMC Ltd,smallcap
CMPDI,Central Mine Planning & Design Institute Ltd,smallcap
SANSERA,Sansera Engineering Ltd,smallcap
SUDARSCHEM,Sudarshan Chemical Industries Limited,smallcap
SCPL,Sheetal Cool Products Ltd,smallcap
MOREPENLAB,Morepen Laboratories Limited,smallcap
EMSLIMITED,EMS Ltd,smallcap
DBL,Dilip Buildcon Limited,smallcap
NAVNETEDUL,Navneet Education Limited,smallcap
ORIENTHOT,Oriental Hotels Limited,smallcap
THEMISMED,Themis Medicare Limited,smallcap
MGL,Mahanagar Gas Limited,smallcap
PGEL,Pg Electroplast Limited,smallcap
KIRLOSENG,Kirloskar Oil Engines Limited,smallcap
GODIGIT,Go Digit General Insurance Ltd,smallcap
PGIL,Pearl Global Industries Limited,smallcap
JBMA,Jbm Auto Limited,smallcap
ASIANENE,Asian Energy Services Ltd,smallcap
SCODATUBES,Scoda Tubes Ltd,smallcap
GPIL,Godawari Power And Ispat Limited,smallcap
HAPPSTMNDS,Happiest Minds Technologies Ltd,smallcap
MUKANDLTD,Mukand Limited,smallcap
INDIACEM,The India Cements Limited,smallcap
TNPETRO,Tamilnadu Petroproducts Limited,smallcap
TRIDENT,Trident Limited,smallcap
FRACTAL,Fractal Analytics Ltd,smallcap
TENNIND,Tenneco Clean Air India Ltd,smallcap
STUDDS,Studds Accessories Ltd,smallcap
AGIIL,AGI Infra Ltd,smallcap
PARAGMILK,Parag Milk Foods Limited,smallcap
STARCEMENT,Star Cement Ltd,smallcap
SHREEJISPG,Shreeji Shipping Global Ltd,smallcap
IDEAFORGE,Ideaforge Technology Ltd,smallcap
MSTCLTD,MSTC Ltd,smallcap
KTKBANK,The Karnataka Bank Limited,smallcap
GOPAL,Gopal Snacks Ltd,smallcap
PREMIERPOL,Premier Polyfilm Limited,smallcap
RPOWER,Reliance Power Limited,smallcap
PFOCUS,Prime Focus Limited,smallcap
FIEMIND,Fiem Industries Limited,smallcap
BHARATSE,Bharat Seats Ltd,smallcap
LLOYDSENGG,Lloyds Engineering Works Ltd,smallcap
SAPPHIRE,Sapphire Foods India Ltd,smallcap
NRL,Nupur Recyclers Ltd,smallcap
TEXINFRA,Texmaco Infrastructure & Holdings Limited,smallcap
WELENT,Welspun Enterprises Limited,smallcap
EMUDHRA,eMudhra Ltd,smallcap
SMSPHARMA,Sms Pharmaceuticals Limited,smallcap
HCC,Hindustan Construction Company Limited,smallcap
BALUFORGE,Balu Forge Industries Ltd,smallcap
ROTO,Roto Pumps Ltd,smallcap
RTNINDIA,RattanIndia Enterprises Ltd,smallcap
AEQUS,Aequs Ltd,smallcap
EIDPARRY,Eid Parry India Limited,smallcap
EVEREADY,Eveready Industries India Limited,smallcap
TNPL,Tamil Nadu Newsprint & Papers Limited,smallcap
RATEGAIN,Rategain Travel Technologies Ltd,smallcap
SIS,Security & Intelligence Services India,smallcap
CAMLINFINE,Camlin Fine Sciences Limited,smallcap
JSFB,Jana Small Finance Bank Ltd,smallcap
ARVIND,Arvind Limited,smallcap
GVPIL,GE Power India Ltd,smallcap
OMAXE,Omaxe Limited,smallcap
BLKASHYAP,B. L. Kashyap And Sons Limited,smallcap
SURYAROSNI,Surya Roshni Limited,smallcap
KCP,Kcp Limited,smallcap
GLOBUSSPR,Globus Spirits Limited,smallcap
TIRUMALCHM,Thirumalai Chemicals Limited,smallcap
CANHLIFE,Canara HSBC Life Insurance Company Ltd,smallcap
IGARASHI,Igarashi Motors India Limited,smallcap
VAIBHAVGBL,Vaibhav Global Limited,smallcap
SANDHAR,Sandhar Technologies Limited,smallcap
ANANTRAJ,Anant Raj Limited,smallcap
FINPIPE,Finolex Industries Limited,smallcap
GREAVESCOT,Greaves Cotton Limited,smallcap
IOLCP,Iol Chemicals And Pharmaceuticals Limited,smallcap
CMRGREEN,CMR Green Technologies Ltd,smallcap
TFCILTD,Tourism Finance Corporation Of India Limited,smallcap
HIMATSEIDE,Himatsingka Seide Limited,smallcap
BANDHANBNK,Bandhan Bank Ltd,smallcap
GOODLUCK,Goodluck India Limited,smallcap
TDPOWERSYS,Td Power Systems Limited,smallcap
KOPRAN,Kopran Limited,smallcap
APOLLOPIPE,Apollo Pipes Ltd,smallcap
SPANDANA,Spandana Sphoorty Financial Ltd,smallcap
WEBELSOLAR,Websol Energy System Limited,smallcap
RAJESHEXPO,Rajesh Exports Limited,smallcap
JAINREC,Jain Resource Recycling Ltd,smallcap
GABRIEL,Gabriel India Limited,smallcap
KALAMANDIR,Sai Silks (Kalamandir) Ltd,smallcap
MTARTECH,MTAR Technologies Ltd,smallcap
SPORTKING,Sportking India Ltd,smallcap
LCL,Lohia Corp Ltd,smallcap
PACEDIGITK,Pace Digitek Ltd,smallcap
PANACEABIO,Panacea Biotec Limited,smallcap
SATIN,Satin Creditcare Network Limited,smallcap
AVALON,Avalon Technologies Ltd,smallcap
THELEELA,Leela Palaces Hotels & Resorts Ltd,smallcap
ANUHPHR,Anuh Pharma Ltd,smallcap
CIGNITITEC,Cigniti Technologies Limited,smallcap
GRANULES,Granules India Limited,smallcap
WSTCSTPAPR,West Coast Paper Mills Limited,smallcap
IBULLSLTD,Indiabulls Limited,smallcap
SAKAR,Sakar Healthcare Ltd,smallcap
KISSHT,Onemi Technology Solutions Ltd,smallcap
BAJAJELEC,Bajaj Electricals Limited,smallcap
TIRUPATIFL,Tirupati Forge Ltd,smallcap
SUNFLAG,Sunflag Iron And Steel Company Limited,smallcap
MCLOUD,Magellanic Cloud Ltd,smallcap
PARACABLES,Paramount Communications Limited,smallcap
NUVOCO,Nuvoco Vistas Corporation Ltd,smallcap
TPLPLASTEH,Tpl Plastech Limited,smallcap
GOCLCORP,Gocl Corporation Limited,smallcap
PRSMJOHNSN,Prism Johnson Ltd,smallcap
ASIANTILES,Asian Granito India Limited,smallcap
SAURASHCEM,Saurashtra Cement Ltd,smallcap
YATRA,Yatra Online Ltd,smallcap
GALLANTT,Gallant Ispat Ltd,smallcap
NITCO,Nitco Limited,smallcap
CLEANMAX,Clean Max Enviro Energy Solutions Ltd,smallcap
GANDHAR,Gandhar Oil Refinery (India) Ltd,smallcap
MRPL,Mangalore Refinery And Petrochemicals Limited,smallcap
INA,Insolation Energy Ltd,smallcap
DCAL,Dishman Carbogen Amcis Ltd,smallcap
ABLBL,Aditya Birla Lifestyle Brands Ltd,smallcap
GKENERGY,GK Energy Ltd,smallcap
SOUTHBANK,The South Indian Bank Limited,smallcap
JKTYRE,Jk Tyre & Industries Limited,smallcap
GANECOS,Ganesha Ecosphere Limited,smallcap
ONEPOINT,One Point One Solutions Ltd,smallcap
FDC,Fdc Limited,smallcap
J&KBANK,The Jammu & Kashmir Bank Limited,smallcap
CHALET,Chalet Hotels Ltd,smallcap
DCBBANK,Dcb Bank Limited,smallcap
RUSTOMJEE,Keystone Realtors Ltd,smallcap
AXISCADES,AXISCADES Technologies Ltd,smallcap
SPARC,Sun Pharma Advanced Research Company Limited,smallcap
CHEMPLASTS,Chemplast Sanmar Ltd,smallcap
KLBRENG-B,Kilburn Engineering Ltd,smallcap
CHENNPETRO,Chennai Petroleum Corporation Limited,smallcap
GODAVARIB,Godavari Biorefineries Ltd,smallcap
LEMONTREE,Lemon Tree Hotels Ltd,smallcap
SAMHI,Samhi Hotels Ltd,smallcap
XPROINDIA,Xpro India Limited,smallcap
POKARNA,Pokarna Limited,smallcap
HINDWAREAP,Hindware Home Innovation Ltd,smallcap
APTUS,Aptus Value Housing Finance India Ltd,smallcap
MAPMYINDIA,C.E. Info Systems Ltd,smallcap
BANSALWIRE,Bansal Wire Industries Ltd,smallcap
INFOBEAN,InfoBeans Technologies Ltd,smallcap
GENESYS,Genesys International Corporation Limited,smallcap
SULA,Sula Vineyards Ltd,smallcap
SJS,S J S Enterprises Ltd,smallcap
AEGISVOPAK,Aegis Vopak Terminals Ltd,smallcap
URBANCO,Urban Company Ltd,smallcap
AFFLE,Affle India Ltd,smallcap
IKIO,IKIO Lighting Ltd,smallcap
ULTRAMAR,Ultramarine & Pigments Ltd,smallcap
KAYNES,Kaynes Technology India Ltd,smallcap
NCLIND,Ncl Industries Limited,smallcap
REGAAL,Regaal Resources Ltd,smallcap
WELSPLSOL,Welspun Specialty Solutions Ltd,smallcap
SCI,Shipping Corporation Of India Limited,smallcap
NITINSPIN,Nitin Spinners Limited,smallcap
MEDIASSIST,Medi Assist Healthcare Services Ltd,smallcap
POWERMECH,Power Mech Projects Limited,smallcap
OSWALAGRO,Oswal Agro Mills Ltd,smallcap
ZYDUSWELL,Zydus Wellness Limited,smallcap
GRAUWEIL,Grauer & Weil (India) Ltd,smallcap
SGFIN,SG Finserve Ltd,smallcap
WANBURY,Wanbury Limited,smallcap
CELLO,Cello World Ltd,smallcap
EXICOM,Exicom Tele-Systems Ltd,smallcap
INDNIPPON,India Nippon Electricals Limited,smallcap
KPEL,K.P. Energy Ltd,smallcap
ABFRL,Aditya Birla Fashion And Retail Limited,smallcap
ARE&M,Amara Raja Energy & Mobility Ltd,smallcap
GALAPREC,Gala Precision Engineering Ltd,smallcap
APOLLO,Apollo Micro Systems Ltd,smallcap
MANGLMCEM,Mangalam Cement Limited,smallcap
ARKADE,Arkade Developers Ltd,smallcap
REDTAPE,Redtape Ltd,smallcap
TALBROAUTO,Talbros Automotive Components Limited,smallcap
WEWORK,Wework India Management Ltd,smallcap
TVSSCS,TVS Supply Chain Solutions Ltd,smallcap
CEIGALL,Ceigall India Ltd,smallcap
COFFEEDAY,Coffee Day Enterprises Limited,smallcap
AFCONS,Afcons Infrastructure Ltd,smallcap
INTERARCH,Interarch Building Products Ltd,smallcap
JINDWORLD,Jindal Worldwide Limited,smallcap
OLAELEC,Ola Electric Mobility Ltd,smallcap
VERANDA,Veranda Learning Solutions Ltd,smallcap
BHARATWIRE,Bharat Wire Ropes Limited,smallcap
OMNI,OMNI,smallcap
JNPR,Juniper Green Energy Ltd,smallcap
WOCKPHARMA,Wockhardt Limited,smallcap
MANAKSTEEL,Manaksia Steels Limited,smallcap
SALSTEEL,SAL Steel,smallcap
HBLENGINE,HBL Engineering Ltd,smallcap
STANLEY,Stanley Lifestyles Ltd,smallcap
CMLL,Caliber Mining and Logistics Ltd,smallcap
AMBER,Amber Enterprises India Ltd,smallcap
VIKRAMSOLR,Vikram Solar Ltd,smallcap
ADVANCE,Advance Agrolife Ltd,smallcap
KITEX,Kitex Garments Limited,smallcap
WINDLAS,Windlas Biotech Ltd,smallcap
RBA,Restaurant Brands Asia Ltd,smallcap
WAAREEINDO,Indosolar Ltd,smallcap
INDOTHAI,Indo Thai Securities Limited,smallcap
RELINFRA,Reliance Infrastructure Limited,smallcap
LOTUSDEV,Sri Lotus Developers & Realty Ltd,smallcap
JAYBARMARU,Jay Bharat Maruti Limited,smallcap
INDORAMA,Indo Rama Synthetics (india) Limited,smallcap
INDOFARM,Indo Farm Equipment Ltd,smallcap
INDIAGLYCO,India Glycols Limited,smallcap
RGL,Renaissance Global Ltd,smallcap
JINDRILL,Jindal Drilling And Industries Limited,smallcap
ASTRAMICRO,Astra Microwave Products Limited,smallcap
INOXWIND,Inox Wind Limited,smallcap
KERNEX,Kernex Microsystems (india) Limited,smallcap
IMAGICAA,Imagicaaworld Entertainment Ltd,smallcap
SMLMAH,SML Mahindra Ltd,smallcap
RICOAUTO,Rico Auto Industries Limited,smallcap
OSWALPUMPS,Oswal Pumps Ltd,smallcap
SUBROS,Subros Limited,smallcap
SALZERELEC,Salzer Electronics Limited,smallcap
PNCINFRA,Pnc Infratech Limited,smallcap
CAPILLARY,Capillary Technologies India Ltd,smallcap
INDIASHLTR,India Shelter Finance Corporation Ltd,smallcap
GSPL,Gujarat State Petronet Limited,smallcap
EXCELSOFT,Excelsoft Technologies Ltd,smallcap
RAIN,Rain Industries Limited,smallcap
JISLJALEQS,Jain Irrigation Systems Limited,smallcap
SOTL,Savita Oil Technologies Limited,smallcap
BANCOINDIA,Banco Products (i) Limited,smallcap
ADVENZYMES,Advanced Enzyme Technologies Limited,smallcap
TVSELECT,Tvs Electronics Limited,smallcap
JSLL,Jeena Sikho Lifecare Ltd,smallcap
DIFFNKG,Diffusion Engineers Ltd,smallcap
MBEL,M & B Engineering Ltd,smallcap
JAMNAAUTO,Jamna Auto Industries Limited,smallcap
GREENLAM,Greenlam Industries Limited,smallcap
ATULAUTO,Atul Auto Limited,smallcap
RAYMONDREL,Raymond Realty Ltd,smallcap
PTC,Ptc India Limited,smallcap
ASHAPURMIN,Ashapura Minechem Limited,smallcap
AMBIKCO,Ambika Cotton Mills Limited,smallcap
